-- Adminer 4.6.3 MySQL dump

SET NAMES utf8;
SET time_zone = '+00:00';
SET foreign_key_checks = 0;
SET sql_mode = 'NO_AUTO_VALUE_ON_ZERO';

INSERT INTO `b2b_partner` (`id`, `nom`, `key`, `created_at`, `updated_at`, `nbcom`) VALUES
(1,	'made_in_france',	'63f2a46fdf82c5c411c9695d52d932d50dd8172d96ac2d17ba0157324dd0c469',	'2020-10-28 09:43:50',	'2020-10-28 09:43:50',	5),
(2,	'edmond_le_bucheron',	'1a1fe92a4bdcc0988bfb1446accce6cf7752eb99ca9974db78e096751b570d1e',	'2020-10-28 09:44:08',	'2020-10-28 09:44:08',	5),
(3,	'mexico tacos',	'c3f9d2632e2f5e7a79fc24b80d6147b870982d203f1e4d818d5dffa5ab519a27',	'2020-10-28 09:44:44',	'2020-10-28 09:44:44',	5);

INSERT INTO `carte_fidelite` (`id`, `nom_client`, `mail_client`, `passwd`, `cumul_achats`, `created_at`, `updated_at`, `cumul_commandes`) VALUES
('015f4eb0-0a82-4290-aa4f-d526908fb621',	'Michel Dupre',	'Michel.Dupre@tele2.fr',	'$2y$10$oKeqmBQ9/dnfjQsVl1yI9eA6NAVaROxP5EKVHptrURtC33S7i.J8q',	119.27,	'2020-10-27 13:52:01',	'2020-10-29 09:05:57',	5),
('0b688429-0143-4d25-9217-4f9e2ed58f54',	'Nicolas Marie',	'Nicolas.Marie@bouygtel.fr',	'$2y$10$N5ZfJG3oqTelaI5H3X56EurAIKeXc6k/bTvUEQ03u75W4TdwR8rHm',	244.93,	'2020-10-27 13:51:59',	'2020-10-29 09:05:57',	9),
('0f8e6485-514b-406f-b6ee-0d3955d16d6d',	'Célina Bertin',	'Célina.Bertin@sfr.fr',	'$2y$10$E0SnCNeuUFilfm/w2kw/6OxrLy3Czvt9ZKSlCUa1bBdXNWYsn.eZC',	212.27,	'2020-10-27 13:52:00',	'2020-10-29 09:05:57',	8),
('183bd13d-d6ee-4748-a8e0-fc530c2b5478',	'Philippe Bazin',	'Philippe.Bazin@ifrance.com',	'$2y$10$f1gkAqp6wvqx30/BaNkcrOEC8lEho0acsUeLlS.bX/UMCIb9RXNnu',	209.21,	'2020-10-27 13:51:58',	'2020-10-29 09:05:57',	7),
('1acd499c-8d26-4420-963d-5ce021c250fc',	'Robert Blanchet',	'Robert.Blanchet@tele2.fr',	'$2y$10$a0.g0mY.2v840lFSmVIcZ.sXUAmuZMjVRvQoYQJJy8VmFnzqB.v1W',	157.43,	'2020-10-27 13:51:58',	'2020-10-29 09:05:57',	6),
('1ae2c47e-621f-4c7a-b16b-45b7a153af0c',	'Lucas Dupont',	'Lucas.Dupont@club-internet.fr',	'$2y$10$0dD3U4YGvusiAnzJHgCN9OEU1lOQQd9CWKMLVyRQFaAQEitq2DdCy',	163.19,	'2020-10-27 13:52:01',	'2020-10-29 09:05:57',	7),
('225c017e-bb62-4644-a5b3-41e0ea3e6fb9',	'Adélaïde Jourdan',	'Adélaïde.Jourdan@bouygtel.fr',	'$2y$10$wyNPlcreRnBjQuPZ98YfI.qf6tZ0d7eGsmrsKjuDfFSZnFpW4g8xu',	127.60,	'2020-10-27 13:51:58',	'2020-10-29 09:05:57',	4),
('2eee8dfe-cbfc-4fb2-96f0-95099ec452da',	'Éric Alexandre',	'Éric.Alexandre@free.fr',	'$2y$10$ZMFjnQXVHXpRO4tnoKvsWeBq1Y6fPI.Z/8e1PWYSYaKHrqDFlRRo6',	193.13,	'2020-10-27 13:52:02',	'2020-10-29 09:05:57',	6),
('3203fba7-597a-451c-9328-bff9178ae052',	'Anouk Brun',	'Anouk.Brun@voila.fr',	'$2y$10$LqBl9st5uB0yaDuMzeRghOnh0yffXJRI3KGxIw.yTta0ux1cr2KkW',	51.92,	'2020-10-27 13:52:01',	'2020-10-29 09:05:57',	4),
('43baa480-5871-4b78-960e-fc8f2a9ffe4c',	'Gilbert Lelievre',	'Gilbert.Lelievre@hotmail.fr',	'$2y$10$OkAGLO5YufDkUNE0CsvdcObCuVGOiRYqRvyCPcc81ZE7Czxm8J2ky',	84.34,	'2020-10-27 13:51:59',	'2020-10-29 09:05:57',	2),
('47f0f3e3-672f-4064-8622-26df1b4f136f',	'Catherine Dias',	'Catherine.Dias@free.fr',	'$2y$10$cDrRmfml5UY04KNiVb7O/eGztcSsDQEgvJdHv9zA8qiSTYD.XW.D.',	282.13,	'2020-10-27 13:51:56',	'2020-10-29 09:05:57',	10),
('49ff3173-66e5-4be9-a938-6716db4fabb5',	'Audrey Bourgeois',	'Audrey.Bourgeois@club-internet.fr',	'$2y$10$dJnT6R8FMQ0DrYGERiaNA.gtDI2FdcqafokXfaKyMmCN/WRGO3Sgu',	141.18,	'2020-10-27 13:51:59',	'2020-10-29 09:05:57',	7),
('4a3bfa8b-de38-49fc-8339-a2547ea4054f',	'Eugène Deschamps',	'Eugène.Deschamps@gmail.com',	'$2y$10$Bu7vnOgQisWz1YIj.EZkqOv7N/Zq0HMyHvvZBrpEyOOcHaO4swdW2',	255.60,	'2020-10-27 13:51:59',	'2020-10-29 09:05:57',	10),
('4d08baaa-93ac-4f82-898f-50634658cfa9',	'Louis Lelievre',	'Louis.Lelievre@tele2.fr',	'$2y$10$4WQY1qsH99dPl5Yw.ZBgE.mbIoKnJ8ZXZMTAmTKqTqKPJm.hp6dXy',	47.05,	'2020-10-27 13:51:59',	'2020-10-29 09:05:57',	1),
('524de52a-d1d0-43fb-8f5c-fdeb9922e70a',	'Thibaut Charles',	'Thibaut.Charles@sfr.fr',	'$2y$10$7zY62LpASumfB4T4Nm2Tx.mDbB9xiGlEV1t9THAkqajqqiDxFL3Z6',	165.38,	'2020-10-27 13:51:56',	'2020-10-29 09:05:57',	8),
('567672da-71b5-4ed4-8f88-a2a998dacdb7',	'Margot Lecomte',	'Margot.Lecomte@wanadoo.fr',	'$2y$10$YAhDzCdUlrsNZhWcT1e7IuSiBTmX2qmPtmIjRI0Nd2pHZWI2eDEia',	322.55,	'2020-10-27 13:51:57',	'2020-10-29 09:05:57',	10),
('5d2ecb61-84a7-4c51-b524-191078de0bdd',	'Maurice Charrier',	'Maurice.Charrier@dbmail.com',	'$2y$10$Lg7.9iNtwh5w0dZbXZuJku/lC91Sj0bPRNXjbmpFdpHpR1wMI4XJi',	61.12,	'2020-10-27 13:51:57',	'2020-10-29 09:05:57',	2),
('61088beb-6c4d-4cdc-9a2b-a7e89a0be497',	'Théodore Cousin',	'Théodore.Cousin@live.com',	'$2y$10$zfmuXRIT13Z5/SOl5z.gweqAuIC1yM2nJ.Uil788FZzj9qm.g.uHi',	363.93,	'2020-10-27 13:52:00',	'2020-10-29 09:05:57',	10),
('6111e7ed-69b5-471f-9aa7-8cf0d6ad8df9',	'Théodore Deschamps',	'Théodore.Deschamps@ifrance.com',	'$2y$10$IVUqkvLqgvrXoY8Vtu/b9e12IjWhuz8qGfRmZX9zbsz4Q0bjSGRji',	19.58,	'2020-10-27 13:51:57',	'2020-10-29 09:05:57',	1),
('655b3ac4-7f9b-402b-9b03-821b7e3e1365',	'Luce Lemaire',	'Luce.Lemaire@hotmail.fr',	'$2y$10$auSQAUmovpPESgZ2mdkPZeH3QS5bp24oaveORRfiPHD8A3eUTVc8q',	8.47,	'2020-10-27 13:52:02',	'2020-10-29 09:05:57',	1),
('6e935eaf-a2eb-4f15-b357-b843e92780b6',	'Marc Baudry',	'Marc.Baudry@yahoo.fr',	'$2y$10$MPSTm5mw7P144HfvVJ7RhOlA6ApLsBFL8YRLxp0oQgrFC4adgDUga',	20.88,	'2020-10-27 13:51:56',	'2020-10-29 09:05:57',	1),
('70d8846b-2df1-47d9-a30d-ebff8dfb9a1b',	'Jérôme Bouvet',	'Jérôme.Bouvet@free.fr',	'$2y$10$GMlejpmE6udgoP/bXz3SKexQwYoO1/R.b4aZKuMk.m8vkZh8XBDTG',	210.49,	'2020-10-27 13:52:01',	'2020-10-29 09:05:57',	7),
('77231d06-470d-4e89-b4c6-e84a08affcff',	'Luce Fernandez',	'Luce.Fernandez@yahoo.fr',	'$2y$10$xs2kkCaZ7LGSUnS0njSN..VXhX9FCR9ECoCTP7nri8b0GS4sybhLi',	262.09,	'2020-10-27 13:51:57',	'2020-10-29 09:05:57',	9),
('866ac70f-b395-487b-a997-3e451f66909d',	'Éléonore Maurice',	'Éléonore.Maurice@sfr.fr',	'$2y$10$Q11EC15.SVPLM2qvrYJA6.o3D/d81xx/44zk6bSK0.pEvTVSeV6He',	172.61,	'2020-10-27 13:52:01',	'2020-10-29 09:05:57',	6),
('8c73dc1b-d166-4399-9e8b-a6efe9f6f8f9',	'Joséphine Robert',	'Joséphine.Robert@gmail.com',	'$2y$10$z.KByPL8ZLnQ1yvuIBJ5cej08sUqfhcHbL0CI8SIqzRm09q8qmpOy',	68.81,	'2020-10-27 13:51:59',	'2020-10-29 09:05:57',	2),
('8cd8b78c-be26-490c-b196-b762eb8a2244',	'Nath Briand',	'Nath.Briand@tiscali.fr',	'$2y$10$bBJRUFL4cydZeM4uSsWoauTGaL2xkHXP5/D7lc8FDnsbHHYS9nHuO',	154.53,	'2020-10-27 13:51:58',	'2020-10-29 09:05:57',	5),
('8dbd8452-0660-4333-9c51-6374c3f24a8f',	'Benoît Lopez',	'Benoît.Lopez@bouygtel.fr',	'$2y$10$VXEyxEccAkDD.7eoKlJOou38gSOJit9JBrKhCCMzrB4eQ/kUhgG8C',	68.91,	'2020-10-27 13:51:57',	'2020-10-29 09:05:57',	2),
('97af2a6a-a68f-49f2-a7f8-9113aabe72f6',	'Tristan De Oliveira',	'Tristan.De Oliveira@bouygtel.fr',	'$2y$10$01TCA1o2x9URf/ElMVEzpuIkObCUQdXqjyBIlK7jEgZEL1MBogob.',	273.94,	'2020-10-27 13:51:56',	'2020-10-29 09:05:57',	9),
('97ff69b0-962c-438a-8211-09c9cb08b29d',	'Adrien Tessier',	'Adrien.Tessier@tele2.fr',	'$2y$10$fQTj17FYpRrIDNcuY0ZTqeuLf4sMDnQP.VcsTOPkbSdj4xRUgCY5C',	166.46,	'2020-10-27 13:52:02',	'2020-10-29 09:05:57',	5),
('9da609c2-1788-4b33-8db8-702db83e487f',	'Frédérique Barbier',	'Frédérique.Barbier@tele2.fr',	'$2y$10$bI47MNjxRIldTPvnxJk0Nu/6krLtHmcoEKcVhuIjeYbv0RKENanQu',	86.18,	'2020-10-27 13:51:58',	'2020-10-29 09:05:58',	3),
('a0d95866-14f2-4e01-adab-f12abfcdca89',	'Alix Jacquot',	'Alix.Jacquot@noos.fr',	'$2y$10$ViqgyivGn6R.Il3tBQxZRuoclBcZfRrzIb.a94Pi7w90v9JHQhoVG',	244.73,	'2020-10-27 13:52:00',	'2020-10-29 09:05:58',	8),
('a39cee1c-6c20-4758-b74c-579131150c0e',	'Geneviève Payet',	'Geneviève.Payet@ifrance.com',	'$2y$10$0rQAzoAcPZQp4BnLjLsBI.8PzK0XE6bFKxdO1nLg2GMnVM2mDFlMW',	175.63,	'2020-10-27 13:52:00',	'2020-10-29 09:05:58',	6),
('a3dd13c3-5992-4b43-bdc9-f9a43a44e42a',	'Thibault Alexandre',	'Thibault.Alexandre@live.com',	'$2y$10$sfGJBg2IoCRs7C6ImJVEe..IUeQly6Wjp7w6mYDrdtY26HGVNQuqK',	178.19,	'2020-10-27 13:52:00',	'2020-10-29 09:05:58',	7),
('a4af2ac7-d7d5-452b-ab10-fd48ac66dd23',	'Adèle Delattre',	'Adèle.Delattre@ifrance.com',	'$2y$10$JCSkrHKDJHESzYR/6ePCk.Arsp/P3HUQiavvX2PDdDXaXvvaGUB2.',	64.29,	'2020-10-27 13:51:57',	'2020-10-29 09:05:58',	2),
('a56246b9-1c1a-47e9-b8c4-39275bdc6f1a',	'Marguerite Cordier',	'Marguerite.Cordier@orange.fr',	'$2y$10$I.fjM9g4MMYuONqrZ4us9eeKZqfsC4LMNnAyxusRcobLWB4AOqiXK',	71.89,	'2020-10-27 13:52:01',	'2020-10-29 09:05:58',	3),
('acbfe31a-80b3-424b-8600-623660c1ed15',	'Gabriel Barre',	'Gabriel.Barre@live.com',	'$2y$10$42ewFIZb.0MFFz9vFo4tHufPcCi8uBDP7g/b10GzEt.hIrw2OTgba',	196.30,	'2020-10-27 13:52:02',	'2020-10-29 09:05:58',	6),
('b9c1d9fa-d04f-423a-908b-f3920b27d1a5',	'William Muller',	'William.Muller@noos.fr',	'$2y$10$CbeMMIig.vQJaG36CihZROg6Fp4m4Tc15ijJN0W6s2AD0tQXO.U7O',	266.95,	'2020-10-27 13:52:02',	'2020-10-29 09:05:58',	8),
('ba4607de-8065-4a84-9dd4-258c7291c1f4',	'Célina Leconte',	'Célina.Leconte@yahoo.fr',	'$2y$10$.cvlyD7jKr95KBeDfXTrRuvqDdFcKt6mwE7m21XSQgsKVu.d/q4dq',	0.00,	'2020-10-27 13:51:56',	'2020-10-29 09:05:58',	19),
('ca830485-004f-414a-a25b-6e82775c4e05',	'Julien Maurice',	'Julien.Maurice@free.fr',	'$2y$10$PUOCzUNF89IK7on4bidV8OmskBdDA9jpUTvF4gMjOEuxzOjcxK/ma',	69.21,	'2020-10-27 13:51:58',	'2020-10-29 09:05:58',	2),
('ca87b61f-15ca-4306-9c58-115cb65ada27',	'michel-marie',	'mich@gmal.com',	'$2y$12$AdN/Czo3NaHvpXixqqWMJewM/XUxNCfuiefqI7KlzqyiUQU9jGg6u',	NULL,	'2020-10-28 08:56:10',	'2020-10-28 08:56:10',	0),
('cebf2909-7e82-4a53-904e-141b3645f9b8',	'Julien Roche',	'Julien.Roche@orange.fr',	'$2y$10$7m5xXsepNzGoS50YAwYhW.owp7eJf9duXCzUvtXN/4iI6m7gxG1eS',	38.05,	'2020-10-27 13:52:01',	'2020-10-29 09:05:58',	2),
('d027e5f5-5444-4645-a0d7-668aa12c293c',	'Diane Hoarau',	'Diane.Hoarau@hotmail.fr',	'$2y$10$szuk6erXyljNJLo274qpju1mYQgtKvE91jYTXfgdkIa0vI7MPwezS',	111.81,	'2020-10-27 13:51:58',	'2020-10-29 09:05:58',	4),
('d23125e5-fce5-404e-99b2-08d253ad930e',	'Laurent Clement',	'Laurent.Clement@free.fr',	'$2y$10$/gK8GBGKiVZ2R9Bd5RWJIuz/YqJaDtvOmbTe/u36kyPLCjJTndDZq',	196.28,	'2020-10-27 13:52:00',	'2020-10-29 09:05:58',	6),
('d6feaa15-390e-4f02-a4b3-7cdcde7fa769',	'Xavier Dupuis',	'Xavier.Dupuis@bouygtel.fr',	'$2y$10$vNxJSUrlScy6acxNhaiUOe4H.7CWr4elqAwZwerbq9K9c7e39EPy2',	38.34,	'2020-10-27 13:51:59',	'2020-10-29 09:05:58',	1),
('d7d1887c-1058-4fc7-b1ba-461984e46664',	'Joséphine Hamel',	'Joséphine.Hamel@hotmail.fr',	'$2y$10$1vcNbb44omCb8hWkwCg4IOfR5eMicwAr4cGrMIXUJHcezhmLYWlV6',	155.64,	'2020-10-27 13:51:57',	'2020-10-29 09:05:58',	6),
('d9108e13-8091-4fbe-b435-14476022ebce',	'Roland Mary',	'Roland.Mary@bouygtel.fr',	'$2y$10$mHDlQgBMhEmAddZ.Omk2AeYOBg6hRI2S0G1iRM.eztCkhC5y6O8T6',	289.51,	'2020-10-27 13:52:01',	'2020-10-29 09:05:58',	9),
('da8d2511-6da1-4c89-86e5-0fe009a6ebb8',	'Benjamin Lejeune',	'Benjamin.Lejeune@laposte.net',	'$2y$10$jPpwQFbgPnu0Y5TwEy8/w.d.ps556X/rg952JKtEcpI5pxEcQ.TQ.',	72.12,	'2020-10-27 13:51:57',	'2020-10-29 09:05:58',	4),
('de746847-a63f-4974-ac2b-5cb5f986cb0f',	'Xavier Verdier',	'Xavier.Verdier@noos.fr',	'$2y$10$qQ2m.W4qp4VFvkH32X9gde8lz3qEJY2xHxIVP5VyWJN1C1BxDsOAK',	81.07,	'2020-10-27 13:51:58',	'2020-10-29 09:05:58',	3),
('e330d559-aaa1-4895-bbdf-d2204e529e43',	'Nicole Bodin',	'Nicole.Bodin@yahoo.fr',	'$2y$10$y90dAevA.izaz/QUbnO8gu1E3PUJBYv6EJ/kqwoeutGtghMFuG8NW',	220.69,	'2020-10-27 13:52:02',	'2020-10-29 09:05:58',	8),
('ee48cd35-19fe-4a09-9c70-b8cc4ddaad94',	'Augustin Marchal',	'Augustin.Marchal@gmail.com',	'$2y$10$0I0qKi4/UV1nArz3ox.qoeTx.KTFAxYyeum7vtfksWueV6.ZGqcga',	76.87,	'2020-10-27 13:52:02',	'2020-10-29 09:05:58',	3),
('ff80edd3-cd39-4237-bb2b-bf16a50625f6',	'Alfred Rey',	'Alfred.Rey@hotmail.fr',	'$2y$10$rSZSdqPnI9IFrn/maCIzq.KOSlBwbWZAfiYG33Wf5ZFI9vSi7VrAm',	45.55,	'2020-10-27 13:51:59',	'2020-10-29 09:05:58',	1);

INSERT INTO `commande` (`id`, `carte_id`, `montant`, `created_at`, `updated_at`) VALUES
(1,	'ba4607de-8065-4a84-9dd4-258c7291c1f4',	31.14,	'2020-10-27 13:51:56',	'2020-10-27 13:51:56'),
(2,	'ba4607de-8065-4a84-9dd4-258c7291c1f4',	20.82,	'2020-10-27 13:51:56',	'2020-10-27 13:51:56'),
(3,	'ba4607de-8065-4a84-9dd4-258c7291c1f4',	23.86,	'2020-10-27 13:51:56',	'2020-10-27 13:51:56'),
(4,	'ba4607de-8065-4a84-9dd4-258c7291c1f4',	44.45,	'2020-10-27 13:51:56',	'2020-10-27 13:51:56'),
(5,	'ba4607de-8065-4a84-9dd4-258c7291c1f4',	36.90,	'2020-10-27 13:51:56',	'2020-10-27 13:51:56'),
(6,	'ba4607de-8065-4a84-9dd4-258c7291c1f4',	6.85,	'2020-10-27 13:51:56',	'2020-10-27 13:51:56'),
(7,	'97af2a6a-a68f-49f2-a7f8-9113aabe72f6',	8.08,	'2020-10-27 13:51:56',	'2020-10-27 13:51:56'),
(8,	'97af2a6a-a68f-49f2-a7f8-9113aabe72f6',	41.02,	'2020-10-27 13:51:56',	'2020-10-27 13:51:56'),
(9,	'97af2a6a-a68f-49f2-a7f8-9113aabe72f6',	47.57,	'2020-10-27 13:51:56',	'2020-10-27 13:51:56'),
(10,	'97af2a6a-a68f-49f2-a7f8-9113aabe72f6',	11.84,	'2020-10-27 13:51:56',	'2020-10-27 13:51:56'),
(11,	'97af2a6a-a68f-49f2-a7f8-9113aabe72f6',	44.70,	'2020-10-27 13:51:56',	'2020-10-27 13:51:56'),
(12,	'97af2a6a-a68f-49f2-a7f8-9113aabe72f6',	37.09,	'2020-10-27 13:51:56',	'2020-10-27 13:51:56'),
(13,	'97af2a6a-a68f-49f2-a7f8-9113aabe72f6',	39.63,	'2020-10-27 13:51:56',	'2020-10-27 13:51:56'),
(14,	'97af2a6a-a68f-49f2-a7f8-9113aabe72f6',	9.03,	'2020-10-27 13:51:56',	'2020-10-27 13:51:56'),
(15,	'97af2a6a-a68f-49f2-a7f8-9113aabe72f6',	34.98,	'2020-10-27 13:51:56',	'2020-10-27 13:51:56'),
(16,	'6e935eaf-a2eb-4f15-b357-b843e92780b6',	20.88,	'2020-10-27 13:51:56',	'2020-10-27 13:51:56'),
(17,	'524de52a-d1d0-43fb-8f5c-fdeb9922e70a',	12.12,	'2020-10-27 13:51:56',	'2020-10-27 13:51:56'),
(18,	'524de52a-d1d0-43fb-8f5c-fdeb9922e70a',	25.83,	'2020-10-27 13:51:56',	'2020-10-27 13:51:56'),
(19,	'524de52a-d1d0-43fb-8f5c-fdeb9922e70a',	9.31,	'2020-10-27 13:51:56',	'2020-10-27 13:51:56'),
(20,	'524de52a-d1d0-43fb-8f5c-fdeb9922e70a',	20.29,	'2020-10-27 13:51:56',	'2020-10-27 13:51:56'),
(21,	'524de52a-d1d0-43fb-8f5c-fdeb9922e70a',	11.83,	'2020-10-27 13:51:56',	'2020-10-27 13:51:56'),
(22,	'524de52a-d1d0-43fb-8f5c-fdeb9922e70a',	48.68,	'2020-10-27 13:51:56',	'2020-10-27 13:51:56'),
(23,	'524de52a-d1d0-43fb-8f5c-fdeb9922e70a',	13.22,	'2020-10-27 13:51:56',	'2020-10-27 13:51:56'),
(24,	'524de52a-d1d0-43fb-8f5c-fdeb9922e70a',	24.10,	'2020-10-27 13:51:56',	'2020-10-27 13:51:56'),
(25,	'47f0f3e3-672f-4064-8622-26df1b4f136f',	25.18,	'2020-10-27 13:51:56',	'2020-10-27 13:51:56'),
(26,	'47f0f3e3-672f-4064-8622-26df1b4f136f',	30.12,	'2020-10-27 13:51:56',	'2020-10-27 13:51:56'),
(27,	'47f0f3e3-672f-4064-8622-26df1b4f136f',	37.76,	'2020-10-27 13:51:56',	'2020-10-27 13:51:56'),
(28,	'47f0f3e3-672f-4064-8622-26df1b4f136f',	11.56,	'2020-10-27 13:51:56',	'2020-10-27 13:51:56'),
(29,	'47f0f3e3-672f-4064-8622-26df1b4f136f',	17.05,	'2020-10-27 13:51:56',	'2020-10-27 13:51:56'),
(30,	'47f0f3e3-672f-4064-8622-26df1b4f136f',	48.03,	'2020-10-27 13:51:56',	'2020-10-27 13:51:56'),
(31,	'47f0f3e3-672f-4064-8622-26df1b4f136f',	17.30,	'2020-10-27 13:51:56',	'2020-10-27 13:51:56'),
(32,	'47f0f3e3-672f-4064-8622-26df1b4f136f',	46.00,	'2020-10-27 13:51:56',	'2020-10-27 13:51:56'),
(33,	'47f0f3e3-672f-4064-8622-26df1b4f136f',	19.15,	'2020-10-27 13:51:56',	'2020-10-27 13:51:56'),
(34,	'47f0f3e3-672f-4064-8622-26df1b4f136f',	29.98,	'2020-10-27 13:51:56',	'2020-10-27 13:51:56'),
(35,	'a4af2ac7-d7d5-452b-ab10-fd48ac66dd23',	49.99,	'2020-10-27 13:51:57',	'2020-10-27 13:51:57'),
(36,	'a4af2ac7-d7d5-452b-ab10-fd48ac66dd23',	14.30,	'2020-10-27 13:51:57',	'2020-10-27 13:51:57'),
(37,	'6111e7ed-69b5-471f-9aa7-8cf0d6ad8df9',	19.58,	'2020-10-27 13:51:57',	'2020-10-27 13:51:57'),
(38,	'5d2ecb61-84a7-4c51-b524-191078de0bdd',	40.76,	'2020-10-27 13:51:57',	'2020-10-27 13:51:57'),
(39,	'5d2ecb61-84a7-4c51-b524-191078de0bdd',	20.36,	'2020-10-27 13:51:57',	'2020-10-27 13:51:57'),
(40,	'd7d1887c-1058-4fc7-b1ba-461984e46664',	29.77,	'2020-10-27 13:51:57',	'2020-10-27 13:51:57'),
(41,	'd7d1887c-1058-4fc7-b1ba-461984e46664',	23.41,	'2020-10-27 13:51:57',	'2020-10-27 13:51:57'),
(42,	'd7d1887c-1058-4fc7-b1ba-461984e46664',	10.26,	'2020-10-27 13:51:57',	'2020-10-27 13:51:57'),
(43,	'd7d1887c-1058-4fc7-b1ba-461984e46664',	31.48,	'2020-10-27 13:51:57',	'2020-10-27 13:51:57'),
(44,	'd7d1887c-1058-4fc7-b1ba-461984e46664',	32.83,	'2020-10-27 13:51:57',	'2020-10-27 13:51:57'),
(45,	'd7d1887c-1058-4fc7-b1ba-461984e46664',	27.89,	'2020-10-27 13:51:57',	'2020-10-27 13:51:57'),
(46,	'8dbd8452-0660-4333-9c51-6374c3f24a8f',	27.49,	'2020-10-27 13:51:57',	'2020-10-27 13:51:57'),
(47,	'8dbd8452-0660-4333-9c51-6374c3f24a8f',	41.42,	'2020-10-27 13:51:57',	'2020-10-27 13:51:57'),
(48,	'da8d2511-6da1-4c89-86e5-0fe009a6ebb8',	35.36,	'2020-10-27 13:51:57',	'2020-10-27 13:51:57'),
(49,	'da8d2511-6da1-4c89-86e5-0fe009a6ebb8',	9.97,	'2020-10-27 13:51:57',	'2020-10-27 13:51:57'),
(50,	'da8d2511-6da1-4c89-86e5-0fe009a6ebb8',	19.13,	'2020-10-27 13:51:57',	'2020-10-27 13:51:57'),
(51,	'da8d2511-6da1-4c89-86e5-0fe009a6ebb8',	7.66,	'2020-10-27 13:51:57',	'2020-10-27 13:51:57'),
(52,	'77231d06-470d-4e89-b4c6-e84a08affcff',	23.45,	'2020-10-27 13:51:57',	'2020-10-27 13:51:57'),
(53,	'77231d06-470d-4e89-b4c6-e84a08affcff',	42.51,	'2020-10-27 13:51:57',	'2020-10-27 13:51:57'),
(54,	'77231d06-470d-4e89-b4c6-e84a08affcff',	30.16,	'2020-10-27 13:51:57',	'2020-10-27 13:51:57'),
(55,	'77231d06-470d-4e89-b4c6-e84a08affcff',	34.39,	'2020-10-27 13:51:57',	'2020-10-27 13:51:57'),
(56,	'77231d06-470d-4e89-b4c6-e84a08affcff',	30.22,	'2020-10-27 13:51:57',	'2020-10-27 13:51:57'),
(57,	'77231d06-470d-4e89-b4c6-e84a08affcff',	15.16,	'2020-10-27 13:51:57',	'2020-10-27 13:51:57'),
(58,	'77231d06-470d-4e89-b4c6-e84a08affcff',	26.78,	'2020-10-27 13:51:57',	'2020-10-27 13:51:57'),
(59,	'77231d06-470d-4e89-b4c6-e84a08affcff',	30.54,	'2020-10-27 13:51:57',	'2020-10-27 13:51:57'),
(60,	'77231d06-470d-4e89-b4c6-e84a08affcff',	28.88,	'2020-10-27 13:51:57',	'2020-10-27 13:51:57'),
(61,	'567672da-71b5-4ed4-8f88-a2a998dacdb7',	38.49,	'2020-10-27 13:51:57',	'2020-10-27 13:51:57'),
(62,	'567672da-71b5-4ed4-8f88-a2a998dacdb7',	26.88,	'2020-10-27 13:51:57',	'2020-10-27 13:51:57'),
(63,	'567672da-71b5-4ed4-8f88-a2a998dacdb7',	30.49,	'2020-10-27 13:51:57',	'2020-10-27 13:51:57'),
(64,	'567672da-71b5-4ed4-8f88-a2a998dacdb7',	46.84,	'2020-10-27 13:51:57',	'2020-10-27 13:51:57'),
(65,	'567672da-71b5-4ed4-8f88-a2a998dacdb7',	38.73,	'2020-10-27 13:51:57',	'2020-10-27 13:51:57'),
(66,	'567672da-71b5-4ed4-8f88-a2a998dacdb7',	28.99,	'2020-10-27 13:51:57',	'2020-10-27 13:51:57'),
(67,	'567672da-71b5-4ed4-8f88-a2a998dacdb7',	25.27,	'2020-10-27 13:51:57',	'2020-10-27 13:51:57'),
(68,	'567672da-71b5-4ed4-8f88-a2a998dacdb7',	38.09,	'2020-10-27 13:51:57',	'2020-10-27 13:51:57'),
(69,	'567672da-71b5-4ed4-8f88-a2a998dacdb7',	5.31,	'2020-10-27 13:51:57',	'2020-10-27 13:51:57'),
(70,	'567672da-71b5-4ed4-8f88-a2a998dacdb7',	43.46,	'2020-10-27 13:51:57',	'2020-10-27 13:51:57'),
(71,	'ca830485-004f-414a-a25b-6e82775c4e05',	44.68,	'2020-10-27 13:51:58',	'2020-10-27 13:51:58'),
(72,	'ca830485-004f-414a-a25b-6e82775c4e05',	24.53,	'2020-10-27 13:51:58',	'2020-10-27 13:51:58'),
(73,	'183bd13d-d6ee-4748-a8e0-fc530c2b5478',	21.60,	'2020-10-27 13:51:58',	'2020-10-27 13:51:58'),
(74,	'183bd13d-d6ee-4748-a8e0-fc530c2b5478',	48.21,	'2020-10-27 13:51:58',	'2020-10-27 13:51:58'),
(75,	'183bd13d-d6ee-4748-a8e0-fc530c2b5478',	33.40,	'2020-10-27 13:51:58',	'2020-10-27 13:51:58'),
(76,	'183bd13d-d6ee-4748-a8e0-fc530c2b5478',	17.25,	'2020-10-27 13:51:58',	'2020-10-27 13:51:58'),
(77,	'183bd13d-d6ee-4748-a8e0-fc530c2b5478',	48.34,	'2020-10-27 13:51:58',	'2020-10-27 13:51:58'),
(78,	'183bd13d-d6ee-4748-a8e0-fc530c2b5478',	5.93,	'2020-10-27 13:51:58',	'2020-10-27 13:51:58'),
(79,	'183bd13d-d6ee-4748-a8e0-fc530c2b5478',	34.48,	'2020-10-27 13:51:58',	'2020-10-27 13:51:58'),
(80,	'9da609c2-1788-4b33-8db8-702db83e487f',	39.84,	'2020-10-27 13:51:58',	'2020-10-27 13:51:58'),
(81,	'9da609c2-1788-4b33-8db8-702db83e487f',	30.94,	'2020-10-27 13:51:58',	'2020-10-27 13:51:58'),
(82,	'9da609c2-1788-4b33-8db8-702db83e487f',	15.40,	'2020-10-27 13:51:58',	'2020-10-27 13:51:58'),
(83,	'de746847-a63f-4974-ac2b-5cb5f986cb0f',	27.10,	'2020-10-27 13:51:58',	'2020-10-27 13:51:58'),
(84,	'de746847-a63f-4974-ac2b-5cb5f986cb0f',	36.21,	'2020-10-27 13:51:58',	'2020-10-27 13:51:58'),
(85,	'de746847-a63f-4974-ac2b-5cb5f986cb0f',	17.76,	'2020-10-27 13:51:58',	'2020-10-27 13:51:58'),
(86,	'225c017e-bb62-4644-a5b3-41e0ea3e6fb9',	34.38,	'2020-10-27 13:51:58',	'2020-10-27 13:51:58'),
(87,	'225c017e-bb62-4644-a5b3-41e0ea3e6fb9',	45.31,	'2020-10-27 13:51:58',	'2020-10-27 13:51:58'),
(88,	'225c017e-bb62-4644-a5b3-41e0ea3e6fb9',	37.04,	'2020-10-27 13:51:58',	'2020-10-27 13:51:58'),
(89,	'225c017e-bb62-4644-a5b3-41e0ea3e6fb9',	10.87,	'2020-10-27 13:51:58',	'2020-10-27 13:51:58'),
(90,	'1acd499c-8d26-4420-963d-5ce021c250fc',	40.98,	'2020-10-27 13:51:58',	'2020-10-27 13:51:58'),
(91,	'1acd499c-8d26-4420-963d-5ce021c250fc',	43.21,	'2020-10-27 13:51:58',	'2020-10-27 13:51:58'),
(92,	'1acd499c-8d26-4420-963d-5ce021c250fc',	13.87,	'2020-10-27 13:51:58',	'2020-10-27 13:51:58'),
(93,	'1acd499c-8d26-4420-963d-5ce021c250fc',	17.67,	'2020-10-27 13:51:58',	'2020-10-27 13:51:58'),
(94,	'1acd499c-8d26-4420-963d-5ce021c250fc',	5.72,	'2020-10-27 13:51:58',	'2020-10-27 13:51:58'),
(95,	'1acd499c-8d26-4420-963d-5ce021c250fc',	35.98,	'2020-10-27 13:51:58',	'2020-10-27 13:51:58'),
(96,	'd027e5f5-5444-4645-a0d7-668aa12c293c',	8.82,	'2020-10-27 13:51:58',	'2020-10-27 13:51:58'),
(97,	'd027e5f5-5444-4645-a0d7-668aa12c293c',	46.42,	'2020-10-27 13:51:58',	'2020-10-27 13:51:58'),
(98,	'd027e5f5-5444-4645-a0d7-668aa12c293c',	28.71,	'2020-10-27 13:51:58',	'2020-10-27 13:51:58'),
(99,	'd027e5f5-5444-4645-a0d7-668aa12c293c',	27.86,	'2020-10-27 13:51:58',	'2020-10-27 13:51:58'),
(100,	'8cd8b78c-be26-490c-b196-b762eb8a2244',	41.60,	'2020-10-27 13:51:58',	'2020-10-27 13:51:58'),
(101,	'8cd8b78c-be26-490c-b196-b762eb8a2244',	9.53,	'2020-10-27 13:51:58',	'2020-10-27 13:51:58'),
(102,	'8cd8b78c-be26-490c-b196-b762eb8a2244',	49.15,	'2020-10-27 13:51:58',	'2020-10-27 13:51:58'),
(103,	'8cd8b78c-be26-490c-b196-b762eb8a2244',	20.40,	'2020-10-27 13:51:58',	'2020-10-27 13:51:58'),
(104,	'8cd8b78c-be26-490c-b196-b762eb8a2244',	33.85,	'2020-10-27 13:51:58',	'2020-10-27 13:51:58'),
(105,	'ff80edd3-cd39-4237-bb2b-bf16a50625f6',	45.55,	'2020-10-27 13:51:59',	'2020-10-27 13:51:59'),
(106,	'8c73dc1b-d166-4399-9e8b-a6efe9f6f8f9',	24.41,	'2020-10-27 13:51:59',	'2020-10-27 13:51:59'),
(107,	'8c73dc1b-d166-4399-9e8b-a6efe9f6f8f9',	44.40,	'2020-10-27 13:51:59',	'2020-10-27 13:51:59'),
(108,	'd6feaa15-390e-4f02-a4b3-7cdcde7fa769',	38.34,	'2020-10-27 13:51:59',	'2020-10-27 13:51:59'),
(109,	'49ff3173-66e5-4be9-a938-6716db4fabb5',	33.65,	'2020-10-27 13:51:59',	'2020-10-27 13:51:59'),
(110,	'49ff3173-66e5-4be9-a938-6716db4fabb5',	9.30,	'2020-10-27 13:51:59',	'2020-10-27 13:51:59'),
(111,	'49ff3173-66e5-4be9-a938-6716db4fabb5',	16.80,	'2020-10-27 13:51:59',	'2020-10-27 13:51:59'),
(112,	'49ff3173-66e5-4be9-a938-6716db4fabb5',	27.22,	'2020-10-27 13:51:59',	'2020-10-27 13:51:59'),
(113,	'49ff3173-66e5-4be9-a938-6716db4fabb5',	5.98,	'2020-10-27 13:51:59',	'2020-10-27 13:51:59'),
(114,	'49ff3173-66e5-4be9-a938-6716db4fabb5',	10.40,	'2020-10-27 13:51:59',	'2020-10-27 13:51:59'),
(115,	'49ff3173-66e5-4be9-a938-6716db4fabb5',	37.83,	'2020-10-27 13:51:59',	'2020-10-27 13:51:59'),
(116,	'4a3bfa8b-de38-49fc-8339-a2547ea4054f',	21.18,	'2020-10-27 13:51:59',	'2020-10-27 13:51:59'),
(117,	'4a3bfa8b-de38-49fc-8339-a2547ea4054f',	40.07,	'2020-10-27 13:51:59',	'2020-10-27 13:51:59'),
(118,	'4a3bfa8b-de38-49fc-8339-a2547ea4054f',	29.09,	'2020-10-27 13:51:59',	'2020-10-27 13:51:59'),
(119,	'4a3bfa8b-de38-49fc-8339-a2547ea4054f',	28.23,	'2020-10-27 13:51:59',	'2020-10-27 13:51:59'),
(120,	'4a3bfa8b-de38-49fc-8339-a2547ea4054f',	16.52,	'2020-10-27 13:51:59',	'2020-10-27 13:51:59'),
(121,	'4a3bfa8b-de38-49fc-8339-a2547ea4054f',	6.13,	'2020-10-27 13:51:59',	'2020-10-27 13:51:59'),
(122,	'4a3bfa8b-de38-49fc-8339-a2547ea4054f',	29.39,	'2020-10-27 13:51:59',	'2020-10-27 13:51:59'),
(123,	'4a3bfa8b-de38-49fc-8339-a2547ea4054f',	36.48,	'2020-10-27 13:51:59',	'2020-10-27 13:51:59'),
(124,	'4a3bfa8b-de38-49fc-8339-a2547ea4054f',	21.98,	'2020-10-27 13:51:59',	'2020-10-27 13:51:59'),
(125,	'4a3bfa8b-de38-49fc-8339-a2547ea4054f',	26.53,	'2020-10-27 13:51:59',	'2020-10-27 13:51:59'),
(126,	'4d08baaa-93ac-4f82-898f-50634658cfa9',	47.05,	'2020-10-27 13:51:59',	'2020-10-27 13:51:59'),
(127,	'0b688429-0143-4d25-9217-4f9e2ed58f54',	20.43,	'2020-10-27 13:51:59',	'2020-10-27 13:51:59'),
(128,	'0b688429-0143-4d25-9217-4f9e2ed58f54',	36.12,	'2020-10-27 13:51:59',	'2020-10-27 13:51:59'),
(129,	'0b688429-0143-4d25-9217-4f9e2ed58f54',	40.81,	'2020-10-27 13:51:59',	'2020-10-27 13:51:59'),
(130,	'0b688429-0143-4d25-9217-4f9e2ed58f54',	34.41,	'2020-10-27 13:51:59',	'2020-10-27 13:51:59'),
(131,	'0b688429-0143-4d25-9217-4f9e2ed58f54',	28.68,	'2020-10-27 13:51:59',	'2020-10-27 13:51:59'),
(132,	'0b688429-0143-4d25-9217-4f9e2ed58f54',	8.42,	'2020-10-27 13:51:59',	'2020-10-27 13:51:59'),
(133,	'0b688429-0143-4d25-9217-4f9e2ed58f54',	36.09,	'2020-10-27 13:51:59',	'2020-10-27 13:51:59'),
(134,	'0b688429-0143-4d25-9217-4f9e2ed58f54',	6.59,	'2020-10-27 13:51:59',	'2020-10-27 13:51:59'),
(135,	'0b688429-0143-4d25-9217-4f9e2ed58f54',	33.38,	'2020-10-27 13:51:59',	'2020-10-27 13:51:59'),
(136,	'43baa480-5871-4b78-960e-fc8f2a9ffe4c',	34.42,	'2020-10-27 13:51:59',	'2020-10-27 13:51:59'),
(137,	'43baa480-5871-4b78-960e-fc8f2a9ffe4c',	49.92,	'2020-10-27 13:51:59',	'2020-10-27 13:51:59'),
(138,	'a0d95866-14f2-4e01-adab-f12abfcdca89',	14.49,	'2020-10-27 13:52:00',	'2020-10-27 13:52:00'),
(139,	'a0d95866-14f2-4e01-adab-f12abfcdca89',	17.53,	'2020-10-27 13:52:00',	'2020-10-27 13:52:00'),
(140,	'a0d95866-14f2-4e01-adab-f12abfcdca89',	39.62,	'2020-10-27 13:52:00',	'2020-10-27 13:52:00'),
(141,	'a0d95866-14f2-4e01-adab-f12abfcdca89',	39.35,	'2020-10-27 13:52:00',	'2020-10-27 13:52:00'),
(142,	'a0d95866-14f2-4e01-adab-f12abfcdca89',	38.74,	'2020-10-27 13:52:00',	'2020-10-27 13:52:00'),
(143,	'a0d95866-14f2-4e01-adab-f12abfcdca89',	21.27,	'2020-10-27 13:52:00',	'2020-10-27 13:52:00'),
(144,	'a0d95866-14f2-4e01-adab-f12abfcdca89',	25.67,	'2020-10-27 13:52:00',	'2020-10-27 13:52:00'),
(145,	'a0d95866-14f2-4e01-adab-f12abfcdca89',	48.06,	'2020-10-27 13:52:00',	'2020-10-27 13:52:00'),
(146,	'a3dd13c3-5992-4b43-bdc9-f9a43a44e42a',	40.86,	'2020-10-27 13:52:00',	'2020-10-27 13:52:00'),
(147,	'a3dd13c3-5992-4b43-bdc9-f9a43a44e42a',	22.50,	'2020-10-27 13:52:00',	'2020-10-27 13:52:00'),
(148,	'a3dd13c3-5992-4b43-bdc9-f9a43a44e42a',	20.99,	'2020-10-27 13:52:00',	'2020-10-27 13:52:00'),
(149,	'a3dd13c3-5992-4b43-bdc9-f9a43a44e42a',	10.38,	'2020-10-27 13:52:00',	'2020-10-27 13:52:00'),
(150,	'a3dd13c3-5992-4b43-bdc9-f9a43a44e42a',	24.85,	'2020-10-27 13:52:00',	'2020-10-27 13:52:00'),
(151,	'a3dd13c3-5992-4b43-bdc9-f9a43a44e42a',	12.26,	'2020-10-27 13:52:00',	'2020-10-27 13:52:00'),
(152,	'a3dd13c3-5992-4b43-bdc9-f9a43a44e42a',	46.35,	'2020-10-27 13:52:00',	'2020-10-27 13:52:00'),
(153,	'61088beb-6c4d-4cdc-9a2b-a7e89a0be497',	49.80,	'2020-10-27 13:52:00',	'2020-10-27 13:52:00'),
(154,	'61088beb-6c4d-4cdc-9a2b-a7e89a0be497',	41.67,	'2020-10-27 13:52:00',	'2020-10-27 13:52:00'),
(155,	'61088beb-6c4d-4cdc-9a2b-a7e89a0be497',	46.83,	'2020-10-27 13:52:00',	'2020-10-27 13:52:00'),
(156,	'61088beb-6c4d-4cdc-9a2b-a7e89a0be497',	44.94,	'2020-10-27 13:52:00',	'2020-10-27 13:52:00'),
(157,	'61088beb-6c4d-4cdc-9a2b-a7e89a0be497',	17.66,	'2020-10-27 13:52:00',	'2020-10-27 13:52:00'),
(158,	'61088beb-6c4d-4cdc-9a2b-a7e89a0be497',	33.23,	'2020-10-27 13:52:00',	'2020-10-27 13:52:00'),
(159,	'61088beb-6c4d-4cdc-9a2b-a7e89a0be497',	12.11,	'2020-10-27 13:52:00',	'2020-10-27 13:52:00'),
(160,	'61088beb-6c4d-4cdc-9a2b-a7e89a0be497',	21.36,	'2020-10-27 13:52:00',	'2020-10-27 13:52:00'),
(161,	'61088beb-6c4d-4cdc-9a2b-a7e89a0be497',	49.11,	'2020-10-27 13:52:00',	'2020-10-27 13:52:00'),
(162,	'61088beb-6c4d-4cdc-9a2b-a7e89a0be497',	47.22,	'2020-10-27 13:52:00',	'2020-10-27 13:52:00'),
(163,	'0f8e6485-514b-406f-b6ee-0d3955d16d6d',	7.46,	'2020-10-27 13:52:00',	'2020-10-27 13:52:00'),
(164,	'0f8e6485-514b-406f-b6ee-0d3955d16d6d',	48.86,	'2020-10-27 13:52:00',	'2020-10-27 13:52:00'),
(165,	'0f8e6485-514b-406f-b6ee-0d3955d16d6d',	14.65,	'2020-10-27 13:52:00',	'2020-10-27 13:52:00'),
(166,	'0f8e6485-514b-406f-b6ee-0d3955d16d6d',	47.48,	'2020-10-27 13:52:00',	'2020-10-27 13:52:00'),
(167,	'0f8e6485-514b-406f-b6ee-0d3955d16d6d',	5.18,	'2020-10-27 13:52:00',	'2020-10-27 13:52:00'),
(168,	'0f8e6485-514b-406f-b6ee-0d3955d16d6d',	35.21,	'2020-10-27 13:52:00',	'2020-10-27 13:52:00'),
(169,	'0f8e6485-514b-406f-b6ee-0d3955d16d6d',	25.85,	'2020-10-27 13:52:00',	'2020-10-27 13:52:00'),
(170,	'0f8e6485-514b-406f-b6ee-0d3955d16d6d',	27.58,	'2020-10-27 13:52:00',	'2020-10-27 13:52:00'),
(171,	'd23125e5-fce5-404e-99b2-08d253ad930e',	31.61,	'2020-10-27 13:52:00',	'2020-10-27 13:52:00'),
(172,	'd23125e5-fce5-404e-99b2-08d253ad930e',	37.12,	'2020-10-27 13:52:00',	'2020-10-27 13:52:00'),
(173,	'd23125e5-fce5-404e-99b2-08d253ad930e',	25.96,	'2020-10-27 13:52:00',	'2020-10-27 13:52:00'),
(174,	'd23125e5-fce5-404e-99b2-08d253ad930e',	20.08,	'2020-10-27 13:52:00',	'2020-10-27 13:52:00'),
(175,	'd23125e5-fce5-404e-99b2-08d253ad930e',	35.00,	'2020-10-27 13:52:00',	'2020-10-27 13:52:00'),
(176,	'd23125e5-fce5-404e-99b2-08d253ad930e',	46.51,	'2020-10-27 13:52:00',	'2020-10-27 13:52:00'),
(177,	'a39cee1c-6c20-4758-b74c-579131150c0e',	18.30,	'2020-10-27 13:52:00',	'2020-10-27 13:52:00'),
(178,	'a39cee1c-6c20-4758-b74c-579131150c0e',	34.94,	'2020-10-27 13:52:00',	'2020-10-27 13:52:00'),
(179,	'a39cee1c-6c20-4758-b74c-579131150c0e',	39.17,	'2020-10-27 13:52:00',	'2020-10-27 13:52:00'),
(180,	'a39cee1c-6c20-4758-b74c-579131150c0e',	20.66,	'2020-10-27 13:52:00',	'2020-10-27 13:52:00'),
(181,	'a39cee1c-6c20-4758-b74c-579131150c0e',	30.59,	'2020-10-27 13:52:00',	'2020-10-27 13:52:00'),
(182,	'a39cee1c-6c20-4758-b74c-579131150c0e',	31.97,	'2020-10-27 13:52:00',	'2020-10-27 13:52:00'),
(183,	'70d8846b-2df1-47d9-a30d-ebff8dfb9a1b',	26.05,	'2020-10-27 13:52:01',	'2020-10-27 13:52:01'),
(184,	'70d8846b-2df1-47d9-a30d-ebff8dfb9a1b',	23.79,	'2020-10-27 13:52:01',	'2020-10-27 13:52:01'),
(185,	'70d8846b-2df1-47d9-a30d-ebff8dfb9a1b',	35.43,	'2020-10-27 13:52:01',	'2020-10-27 13:52:01'),
(186,	'70d8846b-2df1-47d9-a30d-ebff8dfb9a1b',	34.79,	'2020-10-27 13:52:01',	'2020-10-27 13:52:01'),
(187,	'70d8846b-2df1-47d9-a30d-ebff8dfb9a1b',	14.02,	'2020-10-27 13:52:01',	'2020-10-27 13:52:01'),
(188,	'70d8846b-2df1-47d9-a30d-ebff8dfb9a1b',	49.25,	'2020-10-27 13:52:01',	'2020-10-27 13:52:01'),
(189,	'70d8846b-2df1-47d9-a30d-ebff8dfb9a1b',	27.16,	'2020-10-27 13:52:01',	'2020-10-27 13:52:01'),
(190,	'cebf2909-7e82-4a53-904e-141b3645f9b8',	14.60,	'2020-10-27 13:52:01',	'2020-10-27 13:52:01'),
(191,	'cebf2909-7e82-4a53-904e-141b3645f9b8',	23.45,	'2020-10-27 13:52:01',	'2020-10-27 13:52:01'),
(192,	'3203fba7-597a-451c-9328-bff9178ae052',	21.40,	'2020-10-27 13:52:01',	'2020-10-27 13:52:01'),
(193,	'3203fba7-597a-451c-9328-bff9178ae052',	6.43,	'2020-10-27 13:52:01',	'2020-10-27 13:52:01'),
(194,	'3203fba7-597a-451c-9328-bff9178ae052',	18.84,	'2020-10-27 13:52:01',	'2020-10-27 13:52:01'),
(195,	'3203fba7-597a-451c-9328-bff9178ae052',	5.25,	'2020-10-27 13:52:01',	'2020-10-27 13:52:01'),
(196,	'a56246b9-1c1a-47e9-b8c4-39275bdc6f1a',	30.48,	'2020-10-27 13:52:01',	'2020-10-27 13:52:01'),
(197,	'a56246b9-1c1a-47e9-b8c4-39275bdc6f1a',	24.43,	'2020-10-27 13:52:01',	'2020-10-27 13:52:01'),
(198,	'a56246b9-1c1a-47e9-b8c4-39275bdc6f1a',	16.98,	'2020-10-27 13:52:01',	'2020-10-27 13:52:01'),
(199,	'1ae2c47e-621f-4c7a-b16b-45b7a153af0c',	36.55,	'2020-10-27 13:52:01',	'2020-10-27 13:52:01'),
(200,	'1ae2c47e-621f-4c7a-b16b-45b7a153af0c',	10.18,	'2020-10-27 13:52:01',	'2020-10-27 13:52:01'),
(201,	'1ae2c47e-621f-4c7a-b16b-45b7a153af0c',	35.86,	'2020-10-27 13:52:01',	'2020-10-27 13:52:01'),
(202,	'1ae2c47e-621f-4c7a-b16b-45b7a153af0c',	10.40,	'2020-10-27 13:52:01',	'2020-10-27 13:52:01'),
(203,	'1ae2c47e-621f-4c7a-b16b-45b7a153af0c',	37.90,	'2020-10-27 13:52:01',	'2020-10-27 13:52:01'),
(204,	'1ae2c47e-621f-4c7a-b16b-45b7a153af0c',	10.88,	'2020-10-27 13:52:01',	'2020-10-27 13:52:01'),
(205,	'1ae2c47e-621f-4c7a-b16b-45b7a153af0c',	21.42,	'2020-10-27 13:52:01',	'2020-10-27 13:52:01'),
(206,	'866ac70f-b395-487b-a997-3e451f66909d',	22.32,	'2020-10-27 13:52:01',	'2020-10-27 13:52:01'),
(207,	'866ac70f-b395-487b-a997-3e451f66909d',	31.47,	'2020-10-27 13:52:01',	'2020-10-27 13:52:01'),
(208,	'866ac70f-b395-487b-a997-3e451f66909d',	41.89,	'2020-10-27 13:52:01',	'2020-10-27 13:52:01'),
(209,	'866ac70f-b395-487b-a997-3e451f66909d',	25.10,	'2020-10-27 13:52:01',	'2020-10-27 13:52:01'),
(210,	'866ac70f-b395-487b-a997-3e451f66909d',	43.17,	'2020-10-27 13:52:01',	'2020-10-27 13:52:01'),
(211,	'866ac70f-b395-487b-a997-3e451f66909d',	8.66,	'2020-10-27 13:52:01',	'2020-10-27 13:52:01'),
(212,	'd9108e13-8091-4fbe-b435-14476022ebce',	46.31,	'2020-10-27 13:52:01',	'2020-10-27 13:52:01'),
(213,	'd9108e13-8091-4fbe-b435-14476022ebce',	47.25,	'2020-10-27 13:52:01',	'2020-10-27 13:52:01'),
(214,	'd9108e13-8091-4fbe-b435-14476022ebce',	17.19,	'2020-10-27 13:52:01',	'2020-10-27 13:52:01'),
(215,	'd9108e13-8091-4fbe-b435-14476022ebce',	22.89,	'2020-10-27 13:52:01',	'2020-10-27 13:52:01'),
(216,	'd9108e13-8091-4fbe-b435-14476022ebce',	43.89,	'2020-10-27 13:52:01',	'2020-10-27 13:52:01'),
(217,	'd9108e13-8091-4fbe-b435-14476022ebce',	17.26,	'2020-10-27 13:52:01',	'2020-10-27 13:52:01'),
(218,	'd9108e13-8091-4fbe-b435-14476022ebce',	36.83,	'2020-10-27 13:52:01',	'2020-10-27 13:52:01'),
(219,	'd9108e13-8091-4fbe-b435-14476022ebce',	33.27,	'2020-10-27 13:52:01',	'2020-10-27 13:52:01'),
(220,	'd9108e13-8091-4fbe-b435-14476022ebce',	24.62,	'2020-10-27 13:52:01',	'2020-10-27 13:52:01'),
(221,	'015f4eb0-0a82-4290-aa4f-d526908fb621',	15.80,	'2020-10-27 13:52:02',	'2020-10-27 13:52:02'),
(222,	'015f4eb0-0a82-4290-aa4f-d526908fb621',	26.66,	'2020-10-27 13:52:02',	'2020-10-27 13:52:02'),
(223,	'015f4eb0-0a82-4290-aa4f-d526908fb621',	20.53,	'2020-10-27 13:52:02',	'2020-10-27 13:52:02'),
(224,	'015f4eb0-0a82-4290-aa4f-d526908fb621',	49.83,	'2020-10-27 13:52:02',	'2020-10-27 13:52:02'),
(225,	'015f4eb0-0a82-4290-aa4f-d526908fb621',	6.45,	'2020-10-27 13:52:02',	'2020-10-27 13:52:02'),
(226,	'b9c1d9fa-d04f-423a-908b-f3920b27d1a5',	26.97,	'2020-10-27 13:52:02',	'2020-10-27 13:52:02'),
(227,	'b9c1d9fa-d04f-423a-908b-f3920b27d1a5',	34.10,	'2020-10-27 13:52:02',	'2020-10-27 13:52:02'),
(228,	'b9c1d9fa-d04f-423a-908b-f3920b27d1a5',	39.58,	'2020-10-27 13:52:02',	'2020-10-27 13:52:02'),
(229,	'b9c1d9fa-d04f-423a-908b-f3920b27d1a5',	32.85,	'2020-10-27 13:52:02',	'2020-10-27 13:52:02'),
(230,	'b9c1d9fa-d04f-423a-908b-f3920b27d1a5',	31.24,	'2020-10-27 13:52:02',	'2020-10-27 13:52:02'),
(231,	'b9c1d9fa-d04f-423a-908b-f3920b27d1a5',	44.55,	'2020-10-27 13:52:02',	'2020-10-27 13:52:02'),
(232,	'b9c1d9fa-d04f-423a-908b-f3920b27d1a5',	25.98,	'2020-10-27 13:52:02',	'2020-10-27 13:52:02'),
(233,	'b9c1d9fa-d04f-423a-908b-f3920b27d1a5',	31.68,	'2020-10-27 13:52:02',	'2020-10-27 13:52:02'),
(234,	'97ff69b0-962c-438a-8211-09c9cb08b29d',	43.69,	'2020-10-27 13:52:02',	'2020-10-27 13:52:02'),
(235,	'97ff69b0-962c-438a-8211-09c9cb08b29d',	45.61,	'2020-10-27 13:52:02',	'2020-10-27 13:52:02'),
(236,	'97ff69b0-962c-438a-8211-09c9cb08b29d',	13.08,	'2020-10-27 13:52:02',	'2020-10-27 13:52:02'),
(237,	'97ff69b0-962c-438a-8211-09c9cb08b29d',	15.80,	'2020-10-27 13:52:02',	'2020-10-27 13:52:02'),
(238,	'97ff69b0-962c-438a-8211-09c9cb08b29d',	48.28,	'2020-10-27 13:52:02',	'2020-10-27 13:52:02'),
(239,	'acbfe31a-80b3-424b-8600-623660c1ed15',	37.41,	'2020-10-27 13:52:02',	'2020-10-27 13:52:02'),
(240,	'acbfe31a-80b3-424b-8600-623660c1ed15',	45.20,	'2020-10-27 13:52:02',	'2020-10-27 13:52:02'),
(241,	'acbfe31a-80b3-424b-8600-623660c1ed15',	43.78,	'2020-10-27 13:52:02',	'2020-10-27 13:52:02'),
(242,	'acbfe31a-80b3-424b-8600-623660c1ed15',	32.49,	'2020-10-27 13:52:02',	'2020-10-27 13:52:02'),
(243,	'acbfe31a-80b3-424b-8600-623660c1ed15',	20.70,	'2020-10-27 13:52:02',	'2020-10-27 13:52:02'),
(244,	'acbfe31a-80b3-424b-8600-623660c1ed15',	16.72,	'2020-10-27 13:52:02',	'2020-10-27 13:52:02'),
(245,	'e330d559-aaa1-4895-bbdf-d2204e529e43',	12.97,	'2020-10-27 13:52:02',	'2020-10-27 13:52:02'),
(246,	'e330d559-aaa1-4895-bbdf-d2204e529e43',	21.21,	'2020-10-27 13:52:02',	'2020-10-27 13:52:02'),
(247,	'e330d559-aaa1-4895-bbdf-d2204e529e43',	29.82,	'2020-10-27 13:52:02',	'2020-10-27 13:52:02'),
(248,	'e330d559-aaa1-4895-bbdf-d2204e529e43',	24.61,	'2020-10-27 13:52:02',	'2020-10-27 13:52:02'),
(249,	'e330d559-aaa1-4895-bbdf-d2204e529e43',	39.63,	'2020-10-27 13:52:02',	'2020-10-27 13:52:02'),
(250,	'e330d559-aaa1-4895-bbdf-d2204e529e43',	12.15,	'2020-10-27 13:52:02',	'2020-10-27 13:52:02'),
(251,	'e330d559-aaa1-4895-bbdf-d2204e529e43',	41.29,	'2020-10-27 13:52:02',	'2020-10-27 13:52:02'),
(252,	'e330d559-aaa1-4895-bbdf-d2204e529e43',	39.01,	'2020-10-27 13:52:02',	'2020-10-27 13:52:02'),
(253,	'655b3ac4-7f9b-402b-9b03-821b7e3e1365',	8.47,	'2020-10-27 13:52:02',	'2020-10-27 13:52:02'),
(254,	'ee48cd35-19fe-4a09-9c70-b8cc4ddaad94',	25.47,	'2020-10-27 13:52:02',	'2020-10-27 13:52:02'),
(255,	'ee48cd35-19fe-4a09-9c70-b8cc4ddaad94',	7.94,	'2020-10-27 13:52:02',	'2020-10-27 13:52:02'),
(256,	'ee48cd35-19fe-4a09-9c70-b8cc4ddaad94',	43.46,	'2020-10-27 13:52:02',	'2020-10-27 13:52:02'),
(257,	'2eee8dfe-cbfc-4fb2-96f0-95099ec452da',	19.61,	'2020-10-27 13:52:02',	'2020-10-27 13:52:02'),
(258,	'2eee8dfe-cbfc-4fb2-96f0-95099ec452da',	36.02,	'2020-10-27 13:52:02',	'2020-10-27 13:52:02'),
(259,	'2eee8dfe-cbfc-4fb2-96f0-95099ec452da',	12.77,	'2020-10-27 13:52:02',	'2020-10-27 13:52:02'),
(260,	'2eee8dfe-cbfc-4fb2-96f0-95099ec452da',	29.28,	'2020-10-27 13:52:02',	'2020-10-27 13:52:02'),
(261,	'2eee8dfe-cbfc-4fb2-96f0-95099ec452da',	49.89,	'2020-10-27 13:52:02',	'2020-10-27 13:52:02'),
(262,	'2eee8dfe-cbfc-4fb2-96f0-95099ec452da',	45.56,	'2020-10-27 13:52:03',	'2020-10-27 13:52:03'),
(263,	'ba4607de-8065-4a84-9dd4-258c7291c1f4',	22.45,	'2020-10-28 15:53:38',	'2020-10-28 15:53:38'),
(264,	'ba4607de-8065-4a84-9dd4-258c7291c1f4',	22.45,	'2020-10-28 15:54:53',	'2020-10-28 15:54:53'),
(265,	'ba4607de-8065-4a84-9dd4-258c7291c1f4',	22.45,	'2020-10-28 15:55:03',	'2020-10-28 15:55:03'),
(266,	'ba4607de-8065-4a84-9dd4-258c7291c1f4',	22.45,	'2020-10-28 15:55:06',	'2020-10-28 15:55:06'),
(267,	'ba4607de-8065-4a84-9dd4-258c7291c1f4',	22.45,	'2020-10-28 15:55:30',	'2020-10-28 15:55:30'),
(268,	'ba4607de-8065-4a84-9dd4-258c7291c1f4',	22.45,	'2020-10-28 15:56:17',	'2020-10-28 15:56:17'),
(269,	'ba4607de-8065-4a84-9dd4-258c7291c1f4',	22.45,	'2020-10-28 15:56:52',	'2020-10-28 15:56:52'),
(270,	'ba4607de-8065-4a84-9dd4-258c7291c1f4',	22.45,	'2020-10-28 15:56:57',	'2020-10-28 15:56:57'),
(271,	'ba4607de-8065-4a84-9dd4-258c7291c1f4',	22.45,	'2020-10-28 15:56:59',	'2020-10-28 15:56:59'),
(272,	'ba4607de-8065-4a84-9dd4-258c7291c1f4',	22.45,	'2020-10-28 15:57:02',	'2020-10-28 15:57:02'),
(273,	'ba4607de-8065-4a84-9dd4-258c7291c1f4',	22.45,	'2020-10-28 15:57:05',	'2020-10-28 15:57:05'),
(274,	'ba4607de-8065-4a84-9dd4-258c7291c1f4',	22.45,	'2020-10-28 15:57:10',	'2020-10-28 15:57:10'),
(275,	'ba4607de-8065-4a84-9dd4-258c7291c1f4',	22.45,	'2020-10-28 15:57:17',	'2020-10-28 15:57:17');

-- 2020-10-29 09:06:27
